blockchain_id,balance
551999201714634752,0.0
449910203220099073,20.0
199731686093619200,64.64809523809525
313952769541406720,64.64809523809524
456634700686032896,64.64809523809525
542893165548404748,20.0
551997414978879499,64.64809523809525
564232088707137546,57.84809523809525
647996922166247454,56.7052380952381
